titulo_oferta,descripcion_raw,fuente
desarrollador de software,,computrabajo_ec
Ejecutivo Comercial,,computrabajo_ec
Desarrollador software,,computrabajo_ec
Desarrollador de Software,,computrabajo_ec
Ejecutivo Comercial de Software,,computrabajo_ec
Pasante de Desarrollo de Software,,computrabajo_ec
Asesor Comercial,,computrabajo_ec
"Asesor de equipos de tecnologia: PC, laptops, impresoras, ploters, software",,computrabajo_ec
Auxiliar contable,,computrabajo_ec
Arquitecto de acabados y coordinacion de proyectos,,computrabajo_ec
Analista de tienda,,computrabajo_ec
Asistente técnico de diseño y producción,,computrabajo_ec
B2B Sales Representative,,computrabajo_ec
Consultor(a) Freelance de Marca Personal y Posicionamiento B2B (Remoto),,computrabajo_ec
Agente call center,,computrabajo_ec
Filmmaker y Editor de Video Junior Quito,,computrabajo_ec
Asesor Comercial,,computrabajo_ec
Operational Support Agent (PCD),,computrabajo_ec
Analista Programador(a) – Desarrollo de Software Empresarial / San Isidro,,computrabajo_pe
Analista de Calidad de Software Tacna,,computrabajo_pe
Asistente de Desarrollo de Software –  San Borja,,computrabajo_pe
Software Analyst Lims / Cercado de Lima,,computrabajo_pe
Analista de sistemas/Software,,computrabajo_pe
Analista de Control de Calidad de Software,,computrabajo_pe
Analista de QA,,computrabajo_pe
Practicante de Desarrollo de Software (Remoto),,computrabajo_pe
Superintendente de aplicaciones de Software,,computrabajo_pe
"Practicante de Optimización de datos (Ing. Industrial, Ing. de Software,  Ing. de Sistemas)",,computrabajo_pe
Analista de Calidad de Software,,computrabajo_pe
Implementador de Soluciones ITSM,,computrabajo_pe
Docente Pregrado de Software y Tecnología en la Salud,,computrabajo_pe
Customer Service / Galaxy Consultant Samsung Móvil/ Soporte técnico Software,,computrabajo_pe
Ejecutivo Comercial / Venta de Software,,computrabajo_pe
Ejecutivo de Ventas de Software,,computrabajo_pe
Arquitecto software,,computrabajo_pe
Asistente Comercial,,computrabajo_pe
"Ejecutivo Comercial / Contac Center MANATEL OFERTA LABORAL: Ejecutivo Comercial. Ubicación: GUAYAQUIL (NORTE) Horario: JORNADA DE OFICINA TIEMPO COMPLETO O MEDIO TIEMPO Salario: SUELDO FIJO $482 Inicio: INMEDIATO DESCRIPCION DEL PUESTO: Buscamos personas dinámicas, con habilidades comunicativas y orientadas al cliente, para unirse a nuestro equipo... Tiempo Completo Guayaquil, Guayas • 22/05/2026 $482,00 / Mensual","Premium Ejecutivo Comercial / Contac Center MANATEL OFERTA LABORAL: Ejecutivo Comercial. Ubicación: GUAYAQUIL (NORTE) Horario: JORNADA DE OFICINA TIEMPO COMPLETO O MEDIO TIEMPO Salario: SUELDO FIJO $482 Inicio: INMEDIATO DESCRIPCION DEL PUESTO: Buscamos personas dinámicas, con habilidades comunicativas y orientadas al cliente, para unirse a nuestro equipo... Tiempo Completo Guayaquil, Guayas • 22/05/2026 $482,00 / Mensual",trabajosdiarios
"Asesor/a Comercial de Software y Tecnología Pacusoft SAS En Pacusoft buscamos incorporar a nuestro equipo un/a Asesor/a Comercial con iniciativa, buena comunicación y orientación a resultados, para impulsar la promoción de nuestras soluciones de software y servicios tecnológicos. Buscamos una persona con habilidades comerciales, facilidad para relacionarse con... Tiempo Completo Quito, Pichincha • 14/05/2026 $550,00 / Mensual","Premium Asesor/a Comercial de Software y Tecnología Pacusoft SAS En Pacusoft buscamos incorporar a nuestro equipo un/a Asesor/a Comercial con iniciativa, buena comunicación y orientación a resultados, para impulsar la promoción de nuestras soluciones de software y servicios tecnológicos. Buscamos una persona con habilidades comerciales, facilidad para relacionarse con... Tiempo Completo Quito, Pichincha • 14/05/2026 $550,00 / Mensual",trabajosdiarios
"Pasantía Laboral / Research and Development Deinsa Global En Deinsa Global estamos realizando un Programa de Pasantía Laboral para estudiantes de alto desempeño y profesionales (modalidad virtual), que deseen iniciar una carrera profesional desempeñando el puesto de PROJECT MANAGER en RESEARCH & DEVELOPMENT. Este rol presupone la realización... Desde Casa Sin experiencia Pichincha, Pichincha • 29/06/2026","Pasantía Laboral / Research and Development Deinsa Global En Deinsa Global estamos realizando un Programa de Pasantía Laboral para estudiantes de alto desempeño y profesionales (modalidad virtual), que deseen iniciar una carrera profesional desempeñando el puesto de PROJECT MANAGER en RESEARCH & DEVELOPMENT. Este rol presupone la realización... Desde Casa Sin experiencia Pichincha, Pichincha • 29/06/2026",trabajosdiarios
"Auxiliar contable Sara Ochoa OFERTA LABORAL Clínica Ser Humano se encuentra en la búsqueda de un/a Auxiliar Contable para trabajar medio tiempo bajo modalidad de servicios prestados. Requisitos: • Conocimientos en software contables. • Experiencia básica en procesos contables y administrativos. • Persona organizada,... Medio Tiempo Guayaquil, Guayas • 18/06/2026","Auxiliar contable Sara Ochoa OFERTA LABORAL Clínica Ser Humano se encuentra en la búsqueda de un/a Auxiliar Contable para trabajar medio tiempo bajo modalidad de servicios prestados. Requisitos: • Conocimientos en software contables. • Experiencia básica en procesos contables y administrativos. • Persona organizada,... Medio Tiempo Guayaquil, Guayas • 18/06/2026",trabajosdiarios
"Asistente gerencia administrativa ventas Gk-innova SE REQUIERE PERSONA PROACTIVA CON CONOCIMIENTOS EN ÁREAS FINANCIERAS, ADMINISTRATIVAS Y ATENCIÓN AL CLIENTE, CON LA POSIBILIDAD DE VIAJAR, CON CONOCIMIENTOS DE MANEJO DE SOFTWARE ADMINISTRATIVO FINANCIERO, COMPRAS PUBLICAS, REALIZAR OFERTAS SEGUIMIENTO DE OFERTASYCOTIZACIONES, SERVICIO Y ATENCION A CLIENTES, MANEJO... Por Contrato Quito, Pichincha • 15/06/2026 $550,00 / Mensual","Asistente gerencia administrativa ventas Gk-innova SE REQUIERE PERSONA PROACTIVA CON CONOCIMIENTOS EN ÁREAS FINANCIERAS, ADMINISTRATIVAS Y ATENCIÓN AL CLIENTE, CON LA POSIBILIDAD DE VIAJAR, CON CONOCIMIENTOS DE MANEJO DE SOFTWARE ADMINISTRATIVO FINANCIERO, COMPRAS PUBLICAS, REALIZAR OFERTAS SEGUIMIENTO DE OFERTASYCOTIZACIONES, SERVICIO Y ATENCION A CLIENTES, MANEJO... Por Contrato Quito, Pichincha • 15/06/2026 $550,00 / Mensual",trabajosdiarios
"Tornero CNC WORIND COMPONENTES INDUSTRIALES Funciones Principales Interpretación de planos: Interpretar planos de ingeniería para entender las medidas y tolerancias de la pieza final. Programación: Introducir o modificar códigos y parámetros de mecanizado (velocidad, avance, profundidad) en el software de la máquina. Instalar las herramientas... Tiempo Completo Durán, Guayas • 12/06/2026","Tornero CNC WORIND COMPONENTES INDUSTRIALES Funciones Principales Interpretación de planos: Interpretar planos de ingeniería para entender las medidas y tolerancias de la pieza final. Programación: Introducir o modificar códigos y parámetros de mecanizado (velocidad, avance, profundidad) en el software de la máquina. Instalar las herramientas... Tiempo Completo Durán, Guayas • 12/06/2026",trabajosdiarios
"Tecnico de Seguridad Electronica Especialista en Honeywell vista COMPURED Empresa: COMPURED Ubicación: Guayaquil, Ecuador Modalidad: Presencial / Campo Descripción del Puesto Buscamos un Técnico de Seguridad Electrónica de Alto Nivel con experiencia real, comprobable y sólida en la configuración avanzada de sistemas de intrusión. Experiencia Mínima: 3 a 5... Tiempo Completo Guayaquil, Guayas • 02/06/2026","Tecnico de Seguridad Electronica Especialista en Honeywell vista COMPURED Empresa: COMPURED Ubicación: Guayaquil, Ecuador Modalidad: Presencial / Campo Descripción del Puesto Buscamos un Técnico de Seguridad Electrónica de Alto Nivel con experiencia real, comprobable y sólida en la configuración avanzada de sistemas de intrusión. Experiencia Mínima: 3 a 5... Tiempo Completo Guayaquil, Guayas • 02/06/2026",trabajosdiarios
"Asistente de compras quito ANDICALZADO S.A asistente de compras con 3 años de experiencia y Formación y Conocimientos Educación: Título técnico o universitario en Ingeniería Industrial, Administración de Empresas, Comercio Internacional o carreras afines. Materiales: Conocimiento profundo de cueros, sintéticos (PU, PVC), suelas (TPU, caucho, PU),... Por Contrato QUITO, Pichincha • 02/06/2026 $600,00 / Mensual","Asistente de compras quito ANDICALZADO S.A asistente de compras con 3 años de experiencia y Formación y Conocimientos Educación: Título técnico o universitario en Ingeniería Industrial, Administración de Empresas, Comercio Internacional o carreras afines. Materiales: Conocimiento profundo de cueros, sintéticos (PU, PVC), suelas (TPU, caucho, PU),... Por Contrato QUITO, Pichincha • 02/06/2026 $600,00 / Mensual",trabajosdiarios
"Asesor Comercial Quito ANDICALZADO S.A ¡ÚNETE A NUESTRO EQUIPO EN ANDICALZADO! CONVOCATORIA LABORAL: ASESOR COMERCIAL Para: Profesionales del Área Comercial y Ventas Tu Próximo Gran Reto Profesional En Andicalzado, líderes en la comercialización de calzado de alta calidad y distribuidores de las reconocidas Botas Westland,... Por Contrato Quito, Pichincha • 26/05/2026 $500,00 / Mensual","Asesor Comercial Quito ANDICALZADO S.A ¡ÚNETE A NUESTRO EQUIPO EN ANDICALZADO! CONVOCATORIA LABORAL: ASESOR COMERCIAL Para: Profesionales del Área Comercial y Ventas Tu Próximo Gran Reto Profesional En Andicalzado, líderes en la comercialización de calzado de alta calidad y distribuidores de las reconocidas Botas Westland,... Por Contrato Quito, Pichincha • 26/05/2026 $500,00 / Mensual",trabajosdiarios
"Asistente Contable NOVA MARKET NOMARKSA Descripción del puesto Nos encontramos en la búsqueda de un Asistente Contable altamente organizado y analítico, con sólidos conocimientos en procesos contables y financieros. El candidato ideal deberá garantizar el adecuado registro y control de operaciones contables, asegurando el cumplimiento... Por Contrato Guayaquil, Guayas • 18/05/2026 $482,00 / Mensual","Asistente Contable NOVA MARKET NOMARKSA Descripción del puesto Nos encontramos en la búsqueda de un Asistente Contable altamente organizado y analítico, con sólidos conocimientos en procesos contables y financieros. El candidato ideal deberá garantizar el adecuado registro y control de operaciones contables, asegurando el cumplimiento... Por Contrato Guayaquil, Guayas • 18/05/2026 $482,00 / Mensual",trabajosdiarios
"Asistente Contable/Sector El Recreo NOVA MARKET NOMARKSA Descripción del puesto Nos encontramos en la búsqueda de un Asistente Contable altamente organizado y analítico, con sólidos conocimientos en procesos contables y financieros. El candidato ideal deberá garantizar el adecuado registro y control de operaciones contables, asegurando el cumplimiento... Tiempo Completo Quito, Pichincha • 18/05/2026 $500,00 / Mensual","Asistente Contable/Sector El Recreo NOVA MARKET NOMARKSA Descripción del puesto Nos encontramos en la búsqueda de un Asistente Contable altamente organizado y analítico, con sólidos conocimientos en procesos contables y financieros. El candidato ideal deberá garantizar el adecuado registro y control de operaciones contables, asegurando el cumplimiento... Tiempo Completo Quito, Pichincha • 18/05/2026 $500,00 / Mensual",trabajosdiarios
"Programador de software y soporte técnico Fisoluciones Estamos en búsqueda de un Programador de Software y Soporte Técnico para integrarse a nuestro equipo de Desarrollo de Negocio y Tecnología Informática. La persona seleccionada será responsable de apoyar en el desarrollo, parametrización y soporte técnico de los sistemas... Tiempo Completo Quito, Pichincha • 14/05/2026 $900,00 / Mensual","Programador de software y soporte técnico Fisoluciones Estamos en búsqueda de un Programador de Software y Soporte Técnico para integrarse a nuestro equipo de Desarrollo de Negocio y Tecnología Informática. La persona seleccionada será responsable de apoyar en el desarrollo, parametrización y soporte técnico de los sistemas... Tiempo Completo Quito, Pichincha • 14/05/2026 $900,00 / Mensual",trabajosdiarios
"Ejecutivo Call Center con o sin experiencia SOCACE S.A. Compañía enfocada en la distribución y promoción de servicios, se encuentra contratando EJECUTIVO CALL CENTER, encargados de brindar atención telefónica, resolver dudas básicas, canalizar solicitudes y ofrecer un servicio cordial y eficiente. Horario laboral: • Lunes a viernes: 10:00 a... Tiempo Completo Sin experiencia GUAYAQUIL, Guayas • 26/06/2026 $500,00 / Mensual","Ejecutivo Call Center con o sin experiencia SOCACE S.A. Compañía enfocada en la distribución y promoción de servicios, se encuentra contratando EJECUTIVO CALL CENTER, encargados de brindar atención telefónica, resolver dudas básicas, canalizar solicitudes y ofrecer un servicio cordial y eficiente. Horario laboral: • Lunes a viernes: 10:00 a... Tiempo Completo Sin experiencia GUAYAQUIL, Guayas • 26/06/2026 $500,00 / Mensual",trabajosdiarios
"Técnico de Servicios Motores y Generadores SVF ECUADOR SA Empresa Multinacional dedicada a la distribución de motores de combustión interna en todas sus aplicaciones, venta de maquinaria pesada y afines busca: Técnico Mecánico de Motores para la ciudad de GUAYAQUIL Requisitos: • Bachiller técnico o tecnólogo en mecánica industrial,... Tiempo Completo Guayaquil, Guayas • 24/06/2026","Técnico de Servicios Motores y Generadores SVF ECUADOR SA Empresa Multinacional dedicada a la distribución de motores de combustión interna en todas sus aplicaciones, venta de maquinaria pesada y afines busca: Técnico Mecánico de Motores para la ciudad de GUAYAQUIL Requisitos: • Bachiller técnico o tecnólogo en mecánica industrial,... Tiempo Completo Guayaquil, Guayas • 24/06/2026",trabajosdiarios
"Analista de TICs 3 ASTILLEROS NAVALES ECUATORIANOS- ASTINAVE EP- Nivel de Instrucción: Tercer Nivel Titulo Requerido: Si Área de Conocimiento: Sistemas Computacionales, Tiempo de Experiencia: Al menos 5 años Especificidad de la experiencia: Sistemas de programacion, diseño y manejo de plataformas informaticas de comunicaciones y tecnologicas, arquitectura de computadoras,... Tiempo Completo Guayaquil, Guayas • 23/06/2026 $1.676,00 / Mensual","Analista de TICs 3 ASTILLEROS NAVALES ECUATORIANOS- ASTINAVE EP- Nivel de Instrucción: Tercer Nivel Titulo Requerido: Si Área de Conocimiento: Sistemas Computacionales, Tiempo de Experiencia: Al menos 5 años Especificidad de la experiencia: Sistemas de programacion, diseño y manejo de plataformas informaticas de comunicaciones y tecnologicas, arquitectura de computadoras,... Tiempo Completo Guayaquil, Guayas • 23/06/2026 $1.676,00 / Mensual",trabajosdiarios
"IMS Platform Engineer LESCOR S.A. Buscamos Ingeniero de Plataforma IMS, para actividades de operación y mantenimiento (O&M) para plataformas IMS, garantizando la disponibilidad, estabilidad y rendimiento del servicio. Brindar soporte para el despliegue, la integración y la puesta en marcha de IMS y plataformas de... Tiempo Completo QUITO O GUAYAQUIL, Pichincha • 19/06/2026","IMS Platform Engineer LESCOR S.A. Buscamos Ingeniero de Plataforma IMS, para actividades de operación y mantenimiento (O&M) para plataformas IMS, garantizando la disponibilidad, estabilidad y rendimiento del servicio. Brindar soporte para el despliegue, la integración y la puesta en marcha de IMS y plataformas de... Tiempo Completo QUITO O GUAYAQUIL, Pichincha • 19/06/2026",trabajosdiarios
"Practicante Pre Profesional de Programación HUMANTYX Por encargo de una importante empresa, nos encontramos en la búsqueda de talentos en formación con bases técnicas y ganas reales de desarrollarse en el mundo del software, aportando en proyectos y aprendiendo en un entorno profesional. Requisitos: Estudiantes de... Prácticas / Becario Sin experiencia Quito, Pichincha • 19/06/2026","Practicante Pre Profesional de Programación HUMANTYX Por encargo de una importante empresa, nos encontramos en la búsqueda de talentos en formación con bases técnicas y ganas reales de desarrollarse en el mundo del software, aportando en proyectos y aprendiendo en un entorno profesional. Requisitos: Estudiantes de... Prácticas / Becario Sin experiencia Quito, Pichincha • 19/06/2026",trabajosdiarios
"Residente de obra INMOBILIARIA AGROPECUARIA ROMMEL ORBE RIVADENERIA S.A. Empresa Constructora Ecuatoriana. Buscamos un Residente de Obra, para unirse a nuestro equipo y liderar proyectos de alto nivel, asegurando la calidad y el cumplimiento de los estándares. Responsabilidades Principales: Planificación, ejecución y supervisión de obra civil. Manejo de personal... Tiempo Completo Guaranda, Bolívar • 28/05/2026 $900,00 / Mensual","Residente de obra INMOBILIARIA AGROPECUARIA ROMMEL ORBE RIVADENERIA S.A. Empresa Constructora Ecuatoriana. Buscamos un Residente de Obra, para unirse a nuestro equipo y liderar proyectos de alto nivel, asegurando la calidad y el cumplimiento de los estándares. Responsabilidades Principales: Planificación, ejecución y supervisión de obra civil. Manejo de personal... Tiempo Completo Guaranda, Bolívar • 28/05/2026 $900,00 / Mensual",trabajosdiarios
"Practicante Preprofesional de Derecho HUMANTYX En Humantyx, creemos que las personas son el motor del éxito. Combinamos cercanía humana con innovación tecnológica para transformar talento en ventaja competitiva sostenible. Únete a nuestro equipo dinámico y gana experiencia real en derecho laboral, corporativo y digital mientras... Prácticas / Becario Sin experiencia Quito, Pichincha • 20/05/2026","Practicante Preprofesional de Derecho HUMANTYX En Humantyx, creemos que las personas son el motor del éxito. Combinamos cercanía humana con innovación tecnológica para transformar talento en ventaja competitiva sostenible. Únete a nuestro equipo dinámico y gana experiencia real en derecho laboral, corporativo y digital mientras... Prácticas / Becario Sin experiencia Quito, Pichincha • 20/05/2026",trabajosdiarios
"Asesor Comercial EVOLNEG BUSINESS SOLUTIONS Actividades Directas: Identificar nuevas oportunidades de negocio. Buscar nuevos clientes para ampliación la cartera comercial. Mantener actualizadas las bases de datos de la compañía. Generar cotizaciones y propuestas comerciales. Realizar seguimiento a cotizaciones y oportunidades de negocio. Asesorar integralmente a... Tiempo Completo QUITO, Pichincha • 19/05/2026 $500,00 / Mensual","Asesor Comercial EVOLNEG BUSINESS SOLUTIONS Actividades Directas: Identificar nuevas oportunidades de negocio. Buscar nuevos clientes para ampliación la cartera comercial. Mantener actualizadas las bases de datos de la compañía. Generar cotizaciones y propuestas comerciales. Realizar seguimiento a cotizaciones y oportunidades de negocio. Asesorar integralmente a... Tiempo Completo QUITO, Pichincha • 19/05/2026 $500,00 / Mensual",trabajosdiarios
"Community Manager - sector odontologico TECIMDEC CIA. LTDA. Modalidad: Presencial en Guayaquil Disponibilidad: Inmediata Horario: Tiempo completo Buscamos un Community Manager con enfoque estratégico, capaz de manejar marcas premium, crear contenido relevante y sostener una línea visual coherente con identidad corporativa. Responsabilidades principales Gestión y programación de contenido... Tiempo Completo GUAYAQUIL, Guayas • 22/05/2026 $460,00 / Mensual","Premium Community Manager - sector odontologico TECIMDEC CIA. LTDA. Modalidad: Presencial en Guayaquil Disponibilidad: Inmediata Horario: Tiempo completo Buscamos un Community Manager con enfoque estratégico, capaz de manejar marcas premium, crear contenido relevante y sostener una línea visual coherente con identidad corporativa. Responsabilidades principales Gestión y programación de contenido... Tiempo Completo GUAYAQUIL, Guayas • 22/05/2026 $460,00 / Mensual",trabajosdiarios
"Content Manager Servicios Profesionales Botica Alemana La prensa Nos encontramos en la búsqueda de un profesional creativo y dinámico para brindar servicios de creación y gestión de contenido audiovisual para nuestras marcas Botica Real, Botica Alemana y Consultorios Alemana. Objeto del servicio Planificar, producir y gestionar contenido audiovisual... Por Horas / Freelance Quito, Pichincha • 12/06/2026 $600,00 / Mensual","Content Manager Servicios Profesionales Botica Alemana La prensa Nos encontramos en la búsqueda de un profesional creativo y dinámico para brindar servicios de creación y gestión de contenido audiovisual para nuestras marcas Botica Real, Botica Alemana y Consultorios Alemana. Objeto del servicio Planificar, producir y gestionar contenido audiovisual... Por Horas / Freelance Quito, Pichincha • 12/06/2026 $600,00 / Mensual",trabajosdiarios
"Asistente administrativa y bodega VAZURCORP Atención al cliente: reclamos y sugerencias. Supervisar varias operaciones diarias de la oficina/ FACTURACIÓN Programar citas, recibir y entregar la correspondencia y manejar los correos electrónicos entrantes y responderlos. Editar, hacer fotocopias y archivar documentos. Programación de reuniones y entrevistas.... Tiempo Completo CUENCA, Azuay • 08/06/2026 $482,00 / Mensual","Asistente administrativa y bodega VAZURCORP Atención al cliente: reclamos y sugerencias. Supervisar varias operaciones diarias de la oficina/ FACTURACIÓN Programar citas, recibir y entregar la correspondencia y manejar los correos electrónicos entrantes y responderlos. Editar, hacer fotocopias y archivar documentos. Programación de reuniones y entrevistas.... Tiempo Completo CUENCA, Azuay • 08/06/2026 $482,00 / Mensual",trabajosdiarios
"Chofer INFERTEC Estamos buscando a un chofer que sea responsable y que garantice el transporte seguro, oportuno y eficiente de mercadería, equipos y materiales de la empresa hacia las sucursales, clientes y terminales de transporte, proporcionando una correcta custodia del vehiculo asignado... Por Contrato Quito, Pichincha • 03/06/2026 $500,00 / Mensual","Chofer INFERTEC Estamos buscando a un chofer que sea responsable y que garantice el transporte seguro, oportuno y eficiente de mercadería, equipos y materiales de la empresa hacia las sucursales, clientes y terminales de transporte, proporcionando una correcta custodia del vehiculo asignado... Por Contrato Quito, Pichincha • 03/06/2026 $500,00 / Mensual",trabajosdiarios
"Ingeniero/ Tecnológo Electromecánico ASTRIVEN Ingeniero/ Tecnológo Electromecánico para Mantenimiento e Instalación de Equipos Tipo de Contratación Tiempo completo / A prueba Descripción de la Plaza REQUISITOS • Título de ingeniero/tecnólogo electromecánico o a fin. • 5 años de experiencia en instalación y mantenimiento de... Tiempo Completo Guayaquil, Guayas • 27/05/2026","Ingeniero/ Tecnológo Electromecánico ASTRIVEN Ingeniero/ Tecnológo Electromecánico para Mantenimiento e Instalación de Equipos Tipo de Contratación Tiempo completo / A prueba Descripción de la Plaza REQUISITOS • Título de ingeniero/tecnólogo electromecánico o a fin. • 5 años de experiencia en instalación y mantenimiento de... Tiempo Completo Guayaquil, Guayas • 27/05/2026",trabajosdiarios
"Asesor Contact Center EckoLink Satelital ¿Eres una persona proactiva, con gran fluidez verbal y te apasiona el mundo de las ventas y la tecnología? ¡En EckoLink Satelital, Distribuidor Autorizado de DIRECTV, te estamos buscando! Objetivo del Puesto Contactar a clientes potenciales para ofrecer soluciones de... Por Horas / Freelance Guayaquil, Guayas • 11/05/2026 $600,00 / Mensual","Asesor Contact Center EckoLink Satelital ¿Eres una persona proactiva, con gran fluidez verbal y te apasiona el mundo de las ventas y la tecnología? ¡En EckoLink Satelital, Distribuidor Autorizado de DIRECTV, te estamos buscando! Objetivo del Puesto Contactar a clientes potenciales para ofrecer soluciones de... Por Horas / Freelance Guayaquil, Guayas • 11/05/2026 $600,00 / Mensual",trabajosdiarios
"Pasantía Laboral / Media and Strategic Deinsa Global Pasantía Laboral / Media Strategy En Deinsa Global lanzamos nuestro Programa de Pasantías Laborales, dirigido a estudiantes de alto rendimiento y profesionales que deseen iniciar su carrera en Marketing Digital y Gestión de Proyectos, dentro de La Plaza Digital, nuestra... Prácticas / Becario Sin experiencia Quito, Pichincha • 04/05/2026","Pasantía Laboral / Media and Strategic Deinsa Global Pasantía Laboral / Media Strategy En Deinsa Global lanzamos nuestro Programa de Pasantías Laborales, dirigido a estudiantes de alto rendimiento y profesionales que deseen iniciar su carrera en Marketing Digital y Gestión de Proyectos, dentro de La Plaza Digital, nuestra... Prácticas / Becario Sin experiencia Quito, Pichincha • 04/05/2026",trabajosdiarios
"Entrenador/Headcoach medio tiempo Fitness for You En Fitness For You no vendemos accesos a máquinas; diseñamos experiencias de transformación física y mental bajo estándares premium. No buscamos un instructor pasivo, sino un Coach líder, con un dominio impecable de la biomecánica, la programación de la fuerza... Por Contrato Quito- Cumbaya, Pichincha • 29/06/2026 $400,00 / Mensual","Entrenador/Headcoach medio tiempo Fitness for You En Fitness For You no vendemos accesos a máquinas; diseñamos experiencias de transformación física y mental bajo estándares premium. No buscamos un instructor pasivo, sino un Coach líder, con un dominio impecable de la biomecánica, la programación de la fuerza... Por Contrato Quito- Cumbaya, Pichincha • 29/06/2026 $400,00 / Mensual",trabajosdiarios
"Tecnico Electronico para reparar placas Laptop TV Impresora GYE Sinilsa Importadora Requerimos técnico en computadoras para el debido diagnóstico y reparación de placas con daño en sus componentes electrónicos (Ej: equipos que no encienden, que se apagan, etc) - Interpretar diagrama esquemático, datasheet y boardview - Manejo de herramientas y equipos... Tiempo Completo Guayaquil, Guayas • 29/06/2026 $650,00 / Mensual","Tecnico Electronico para reparar placas Laptop TV Impresora GYE Sinilsa Importadora Requerimos técnico en computadoras para el debido diagnóstico y reparación de placas con daño en sus componentes electrónicos (Ej: equipos que no encienden, que se apagan, etc) - Interpretar diagrama esquemático, datasheet y boardview - Manejo de herramientas y equipos... Tiempo Completo Guayaquil, Guayas • 29/06/2026 $650,00 / Mensual",trabajosdiarios
"Electricista Industrial SUMO+ Experiencia: Mínimo 4 años en industrias de manufactura (preferiblemente industria plástica, papeleras, cartoneras) Conocimientos: Mantenimiento preventivo y correctivo, programación de variadores, armado de tableros de 220 - 440, sensores de nivel (esto es muy importante ya que todas las maquinas... Tiempo Completo Guayaquil, Guayas • 24/06/2026 $550,00 / Mensual","Electricista Industrial SUMO+ Experiencia: Mínimo 4 años en industrias de manufactura (preferiblemente industria plástica, papeleras, cartoneras) Conocimientos: Mantenimiento preventivo y correctivo, programación de variadores, armado de tableros de 220 - 440, sensores de nivel (esto es muy importante ya que todas las maquinas... Tiempo Completo Guayaquil, Guayas • 24/06/2026 $550,00 / Mensual",trabajosdiarios
"Auditor lider CERTIFICADORA I-NEXT Nos encontramos en la búsqueda de un profesional calificado para desempeñarse como Auditor Líder en la norma ISO 9001:2015, ISO 14001:2015, ISO 45001:2018 o en Sistema Integrado, para la ciudad Guayaquil con el objetivo de fortalecer nuestro equipo técnico y... Por Contrato Guayaquil, Guayas • 19/06/2026 $80,00 / Diario","Auditor lider CERTIFICADORA I-NEXT Nos encontramos en la búsqueda de un profesional calificado para desempeñarse como Auditor Líder en la norma ISO 9001:2015, ISO 14001:2015, ISO 45001:2018 o en Sistema Integrado, para la ciudad Guayaquil con el objetivo de fortalecer nuestro equipo técnico y... Por Contrato Guayaquil, Guayas • 19/06/2026 $80,00 / Diario",trabajosdiarios
"Agente inmobiliario con experiencia - GlobalHaus Aurora GlobalHaus Sede Aurora ¿Buscas crecer profesionalmente en el sector inmobiliario? En Globalhaus buscamos Agentes Inmobiliarios con experiencia, orientados a resultados, con habilidades comerciales y vocación de servicio para formar parte de nuestro equipo. Perfil del candidato * Experiencia en ventas, atención al cliente... Tiempo Completo DAULE, Guayas • 18/06/2026 $2.000,00 / Mensual","Agente inmobiliario con experiencia - GlobalHaus Aurora GlobalHaus Sede Aurora ¿Buscas crecer profesionalmente en el sector inmobiliario? En Globalhaus buscamos Agentes Inmobiliarios con experiencia, orientados a resultados, con habilidades comerciales y vocación de servicio para formar parte de nuestro equipo. Perfil del candidato * Experiencia en ventas, atención al cliente... Tiempo Completo DAULE, Guayas • 18/06/2026 $2.000,00 / Mensual",trabajosdiarios
"Ingeniero de Energía (Energy Engineer) LESCOR S.A. Buscamos un Ingeniero de Energía proactivo y orientado a resultados para unirse a nuestro equipo de operaciones en Ecuador, con base en Guayaquil o Quito. En este puesto, será responsable de la puesta en marcha, el dimensionamiento, la operación y... Tiempo Completo Quito, Pichincha • 15/06/2026 $1.200,00 / Mensual","Ingeniero de Energía (Energy Engineer) LESCOR S.A. Buscamos un Ingeniero de Energía proactivo y orientado a resultados para unirse a nuestro equipo de operaciones en Ecuador, con base en Guayaquil o Quito. En este puesto, será responsable de la puesta en marcha, el dimensionamiento, la operación y... Tiempo Completo Quito, Pichincha • 15/06/2026 $1.200,00 / Mensual",trabajosdiarios
"Desarrollador de Nuevos Negocios CFO BUSINESS CONSULTING Importante firma financiera buscar incorporar a su staff un: Desarrollador de Negocios Este es un puesto muy demandante ya que implica el cumplimiento de dos resultados muy importantes • Consolidación de una cartera de clientes estratégicos y fidelizados. • Cuota... Tiempo Completo Quito, Pichincha • 05/06/2026 $500,00 / Mensual","Desarrollador de Nuevos Negocios CFO BUSINESS CONSULTING Importante firma financiera buscar incorporar a su staff un: Desarrollador de Negocios Este es un puesto muy demandante ya que implica el cumplimiento de dos resultados muy importantes • Consolidación de una cartera de clientes estratégicos y fidelizados. • Cuota... Tiempo Completo Quito, Pichincha • 05/06/2026 $500,00 / Mensual",trabajosdiarios
"Bordador con experiencia LEICOSS Se requiere BORDADOR con experiencia para empresa textil dedicada a la confección y distribución de ropa infantil al por mayor. Buscamos una persona responsable, detallista y comprometida, con conocimientos en manejo de máquinas de bordado industrial y dominio del programa... Tiempo Completo Quito, Pichincha • 26/05/2026 $450,00 / Mensual","Bordador con experiencia LEICOSS Se requiere BORDADOR con experiencia para empresa textil dedicada a la confección y distribución de ropa infantil al por mayor. Buscamos una persona responsable, detallista y comprometida, con conocimientos en manejo de máquinas de bordado industrial y dominio del programa... Tiempo Completo Quito, Pichincha • 26/05/2026 $450,00 / Mensual",trabajosdiarios
"Bordador TA DESIGNS Bordador y Programador con experiencia de al menos 2 años, bordadoras de varios cabezales y manejo completo del equipo. Trabajo estable con afiliación al seguro iess y derechos de ley, jornada diurna. Tiempo Completo Quito, Pichincha • 26/05/2026","Bordador TA DESIGNS Bordador y Programador con experiencia de al menos 2 años, bordadoras de varios cabezales y manejo completo del equipo. Trabajo estable con afiliación al seguro iess y derechos de ley, jornada diurna. Tiempo Completo Quito, Pichincha • 26/05/2026",trabajosdiarios
"Supervisor de Obra SATMEC SOLICITUD DE SERVICIOS PROFESIONALES INGENIERA CIVIL – SUPERVISIÓN DE OBRA Empresa del sector industrial ubicada en Guayaquil busca contratar los servicios de una Ingeniero o Ingeniera Civil titulado y habilitada para la supervisión de un proyecto de rehabilitación Por Contrato Guayaquil, Guayas • 01/07/2026","Premium Supervisor de Obra SATMEC SOLICITUD DE SERVICIOS PROFESIONALES INGENIERA CIVIL – SUPERVISIÓN DE OBRA Empresa del sector industrial ubicada en Guayaquil busca contratar los servicios de una Ingeniero o Ingeniera Civil titulado y habilitada para la supervisión de un proyecto de rehabilitación Por Contrato Guayaquil, Guayas • 01/07/2026",trabajosdiarios
"Operador CORP UNION Y PROGRESO Enfoque en la gestión de altos volúmenes de llamadas telefónicas (entrantes y salientes) y mensajes digitales desde centros de contacto. Funciones clave: Realizar telemercadeo, gestionar encuestas, agendar citas y ejecutar soporte técnico básico bajo métricas de tiempo Tiempo Completo Sin experiencia Quito, Pichincha • 30/06/2026 $482,00 / Mensual","Premium Operador CORP UNION Y PROGRESO Enfoque en la gestión de altos volúmenes de llamadas telefónicas (entrantes y salientes) y mensajes digitales desde centros de contacto. Funciones clave: Realizar telemercadeo, gestionar encuestas, agendar citas y ejecutar soporte técnico básico bajo métricas de tiempo Tiempo Completo Sin experiencia Quito, Pichincha • 30/06/2026 $482,00 / Mensual",trabajosdiarios
"Médicos Generales ALFAMED VITAL MÉDICO GENERAL ATENCIÓN MÉDICA DOMICILIARIA Importante empresa dedicada a la prestación de servicios de atención médica a domicilio se encuentra en la búsqueda de Médicos Generales comprometidos con la excelencia, la calidad asistencial y el trato humanizado, para form Por Contrato Quito, Pichincha • 30/06/2026 $200,00 / Semanal","Premium Médicos Generales ALFAMED VITAL MÉDICO GENERAL ATENCIÓN MÉDICA DOMICILIARIA Importante empresa dedicada a la prestación de servicios de atención médica a domicilio se encuentra en la búsqueda de Médicos Generales comprometidos con la excelencia, la calidad asistencial y el trato humanizado, para form Por Contrato Quito, Pichincha • 30/06/2026 $200,00 / Semanal",trabajosdiarios
"Vendedor CORP UNION Y PROGRESO ¿Te apasionan las ventas y los resultados? Buscamos personas con actitud, ambición y enfoque en el cliente para formar parte de nuestro equipo comercial. Funciones principales: * Contactar y asesorar a clientes potenciales. * Identificar necesidades y ofrecer so Tiempo Completo Sin experiencia Quito, Pichincha • 30/06/2026 $482,00 / Mensual","Premium Vendedor CORP UNION Y PROGRESO ¿Te apasionan las ventas y los resultados? Buscamos personas con actitud, ambición y enfoque en el cliente para formar parte de nuestro equipo comercial. Funciones principales: * Contactar y asesorar a clientes potenciales. * Identificar necesidades y ofrecer so Tiempo Completo Sin experiencia Quito, Pichincha • 30/06/2026 $482,00 / Mensual",trabajosdiarios
"Agente financiero CORP UNION Y PROGRESO Buscamos un Analista de Crédito responsable de evaluar solicitudes de financiamiento, verificar documentación, analizar la capacidad de pago de los clientes y emitir recomendaciones de aprobación o rechazo de créditos. Se requiere capacidad analítica, atención al detall Por Contrato Sin experiencia Quito, Pichincha • 30/06/2026 $600,00 / Mensual","Premium Agente financiero CORP UNION Y PROGRESO Buscamos un Analista de Crédito responsable de evaluar solicitudes de financiamiento, verificar documentación, analizar la capacidad de pago de los clientes y emitir recomendaciones de aprobación o rechazo de créditos. Se requiere capacidad analítica, atención al detall Por Contrato Sin experiencia Quito, Pichincha • 30/06/2026 $600,00 / Mensual",trabajosdiarios
MANTENIMIENTO DE SOFTWARE Y HAREWARE,Ingeniero o Tecnólogo en sistemas. Medio tiempo Sueldo competitivo Oportunidad de crecimiento,unmejorempleo
Ingeniero de Software Senior,"CFO Business Consulting se encuentra en una etapa de expansión tecnológica y busca incorporar a su equipo a un Ingeniero de Software Senior con capacidad de liderazgo técnico y visión estratégica.Buscamos a un profesional apasionado por el desarrollo de soluciones de alto impacto, que posea una trayectoria sólida de al menos &#x35; años en el ciclo de vida completo de desarrollo de software (SDLC) y un enfoque en la excelencia operativa.",multitrabajos
Ejecutivo Comercial Senior - Software,"Formación:Tercer nivel: Administración, Comercio, Logística, Marketing o afinesExperiencia:Minimo de 3 a 5 años en roles comerciales B2B con servicios o intangibles.Conocimiento: Prospección y Desarrollo de Mercado B2B Diseño de Propuestas Comerciales y Negociación Fidelización y Gestión de Cuentas (Account Management) Análisis de Mercado y ReportesPaquete salarial y beneficios: Sueldo base atractivo Comisiones sin techo Beneficios de Ley Viaticos Modalidad de trabajo Hibrida",multitrabajos
Docente de Desarrollo de Software y Programación (Tiempo Parcial),"Docente de Desarrollo de Software y Programación (Tiempo Parcial)Resumen del PuestoBuscamos un profesional con formación de cuarto nivel para unirse a nuestro equipo docente en el área de Desarrollo de Software y Programación. El objetivo principal del cargo es liderar el proceso de enseñanza, abarcando lenguajes modernos, lógica de programación y metodologías ágiles, fomentando la conexión entre la teoría y la creación de soluciones tecnológicas aplicadas.Responsabilidades Impartir docencia en lenguajes de programación modernos, lógica de programación y metodologías ágiles. Vincular los conceptos teóricos con la creación de soluciones tecnológicas prácticas y reales. Fomentar un entorno de aprendizaje innovador y enfocado en el desarrollo digital. Contribuir a la formación de tecnólogos de excelencia.Requisitos Título de cuarto nivel registrado en un área afín a Desarrollo de Software y Programación. Experiencia profesional activa en la industria del desarrollo de software. Sólidos conocimientos en lenguajes de programación modernos, lógica de programación y metodologías ágiles. Capacidad para enseñar y motivar a estudiantes. Orientación hacia la innovación y el desarrollo tecnológico.Condiciones de ContrataciónSe ofrece una contratación bajo modalidad de tiempo parcial (por horas), con flexibilidad horaria, ideal para profesionales que buscan compartir su conocimiento y experiencia.",multitrabajos
